"label","id","size","steps","seed","initialization","randomRuleBias","randomSeed","populationSize","eliteCount","elitism","mutationPolicy","mutationRate","mutationBeta","crossover","crossoverRate","tournamentSize","immigrantRate","evaluationWorkers","expression","generation","evaluations","elapsedMs","exposed","totalCells","meanStack","lifetime","fitness","origin","genomeHash"
"Light study 01 · efficient footprint","801ebd02-daed-4742-aae9-834f276cd9a0","49","128","cross","mutants","sparse","9090101","128","2","distinct","heavyTailed","0.034","2.5","none","0","2","0.05","2","exposedCells / area * sqrt(exposedCells / max(1, totalCells))","289","36005","107493.71097899857","2013","20602","10.234475906607054","103","0.26207090646243253","mutant","1c7c57e10bdee66bc815b9f220ce30542702031bcd2515197d579881c8afc04e"
"Light study 02 · contained branches","5ee45d77-2682-4a6f-9e7b-37a5badf940a","49","128","cross","mutants","sparse","9090102","128","2","distinct","heavyTailed","0.034","2.5","none","0","2","0.05","1","exposedCells / area * sqrt(exposedCells / max(1, totalCells))","808","100460","495549.7662529995","1045","12830","12.277511961722489","122","0.12421354239529232","mutant","2ba826ff81afa2755c7555adb5a0c2cadc224234f12e65c645672a997c4aa690"
"Light study 03 · independent mutation","a7bb539b-3358-4c70-b40c-79e143ae5fcc","49","128","cross","mutants","sparse","9090102","128","2","distinct","independent","0.03409090909090909","","none","0","2","0.05","1","exposedCells / area * sqrt(exposedCells / max(1, totalCells))","1011","100054","524130.6649159998","1245","12510","10.048192771084338","84","0.16358113313432793","mutant","157767d3640fef3d7a89f5e8666c33b22c0db9123f54a5963a294c613ec76e86"
"Light study 04 · tournament three","412ea55b-a533-4b82-bba2-0d09c65d0e78","49","128","cross","mutants","sparse","9090102","128","2","distinct","independent","0.03409090909090909","","none","0","3","0.05","1","exposedCells / area * sqrt(exposedCells / max(1, totalCells))","1038","100623","616055.9472669985","1141","16194","14.192813321647677","88","0.12614186249550566","mutant","7a75d05c39844cfe61460dd61e8b97a836b3d72c4d0e488fc77a37982b71a6e3"
"Light study 05 · moderate crossover","4d785abe-4181-43e8-92b6-9b9d7e2b72e3","49","128","cross","mutants","sparse","9090102","128","2","distinct","independent","0.03409090909090909","","uniform","0.35","2","0.05","1","exposedCells / area * sqrt(exposedCells / max(1, totalCells))","921","100029","432875.08857499994","1013","13618","13.443237907206317","122","0.1150708558106567","crossover","ba9ed08f5099669e1fa15cc1e989552dd3796f55f4abbdd3b4add085bb4c2cb7"
"Light study 06 · half an edit","bcc8d792-d29a-4aa2-ad44-e4c013fb71bc","49","128","cross","mutants","sparse","9090102","128","2","distinct","independent","0.011363636363636364","","none","0","2","0.05","1","exposedCells / area * sqrt(exposedCells / max(1, totalCells))","3047","100501","834163.7589730127","1161","14150","12.18776916451335","112","0.13850898591452365","mutant","545fce09b79e57244428697aceee2eb3cfd305d8db1b76926910c7e2166ccd67"
"Light study 07 · three edits","2f72fd86-0f05-445f-8ce8-ab889a4c8b5f","49","128","cross","mutants","sparse","9090102","128","2","distinct","independent","0.06818181818181818","","none","0","2","0.05","1","exposedCells / area * sqrt(exposedCells / max(1, totalCells))","839","101243","586911.2552270032","1057","12494","11.820245979186376","109","0.12804704782770154","mutant","981b29b627cd659cb70aa4b9f652d601eb7711056d23096cdef4f5d7d1a22a08"
"Light study 08 · gentler material penalty","b4a8c2e2-6e78-481f-8c04-1e4cf78103f0","49","128","cross","mutants","sparse","9090102","128","2","distinct","independent","0.03409090909090909","","none","0","2","0.05","1","exposedCells / area * sqrt(sqrt(exposedCells / max(1, totalCells)))","1013","100271","537531.7988609956","1033","8850","8.567279767666989","86","0.2514765097697844","mutant","bb882d5ed8b276a352589692635836d2a4a028f7f361638d774988c543c6c5d7"
"Light study 09 · stronger material penalty","4f07ae27-0f36-4e69-9468-e14a2d520673","49","128","cross","mutants","sparse","9090102","128","2","distinct","independent","0.03409090909090909","","none","0","2","0.05","1","exposedCells / area * exposedCells / max(1, totalCells)","1026","101531","587414.2902640109","1245","12510","10.048192771084338","84","0.0516046970836492","mutant","cf54c84f3c14d56396ddf74fb74ec40ad7fa50e1312c916a0f706b213b042612"
"Light study 10 · baseline repeat B","06396666-2f03-42d7-bec3-9b4a1c3f0849","49","128","cross","mutants","sparse","9090103","128","2","distinct","independent","0.03409090909090909","","none","0","2","0.05","1","exposedCells / area * sqrt(exposedCells / max(1, totalCells))","1011","100267","526582.0682469918","1149","12418","10.807658833768494","98","0.1455667062241506","mutant","9545a62d08894e59f12cfda4b8589ccecaca0f75c9d6ccedf5ae6aa656d556fa"
"Light study 11 · baseline repeat C","345ef99b-5d74-4528-b7ee-41dae2144991","49","128","cross","mutants","sparse","9090104","128","2","distinct","independent","0.03409090909090909","","none","0","2","0.05","1","exposedCells / area * sqrt(exposedCells / max(1, totalCells))","1026","101486","544598.1828509914","1081","11342","10.49213691026827","85","0.13899576220508217","mutant","727cf97330835a823779ccc346582861cfd0b69c462605e763cb0433ac4f6c78"
"Light study 12 · random start A","4d0a7719-03b7-4f26-ae5c-8baf2c665abb","49","128","cross","random","sparse","9090201","128","2","distinct","independent","0.03409090909090909","","none","0","2","0.05","1","exposedCells / area * sqrt(exposedCells / max(1, totalCells))","1522","150756","908049.3242150098","469","1515","3.230277185501066","35","0.10868279223160648","mutant","60e96bb043569119efc2d0ca7222d52052d5d99d6947dcb712c55e6e16114f03"
"Light study 13 · random start B","b8002d33-d31c-4d1f-8467-a086fc9338cf","49","128","cross","random","sparse","9090202","128","2","distinct","independent","0.03409090909090909","","none","0","2","0.05","1","exposedCells / area * sqrt(exposedCells / max(1, totalCells))","1521","150841","877559.9455869906","741","8235","11.11336032388664","83","0.0925770526511519","mutant","567076c9232b7aa3ca00321b3bdf47d42db36cb3815bb80ac561a650eeb0932a"
"Light study 14 · smaller population","3abe948b-ca77-4a73-90bd-705646e8cc38","49","128","cross","mutants","sparse","9090102","64","2","distinct","independent","0.03409090909090909","","none","0","2","0.05","1","exposedCells / area * sqrt(exposedCells / max(1, totalCells))","2088","100301","696870.0240419814","1333","15566","11.67741935483871","123","0.16246677174141355","mutant","d91d7027a01197e7ce2bec2c19ea5b4685e9d1db355728677a992e79f4f402ed"
"Light study 15 · current search defaults","5708e2bd-24c6-4071-a6c6-14fd1cc82357","49","128","cross","mutants","sparse","9090102","64","2","distinct","heavyTailed","0.03409090909090909","1.5","none","0.7","2","0.05","1","exposedCells / area * sqrt(exposedCells / max(1, totalCells))","1639","100535","721076.5283529861","781","5966","7.638924455825864","61","0.117690868095645","mutant","30a576f2df0cbb2f5be17eae7a48ef6d2d2093f5cf7eb57c04c68b49f0e69db7"
"Light study 16 · wider world, broad lineage","f4c449c0-67ab-4e86-acd4-0fe7a3a2b8be","65","256","cross","mutants","sparse","9090316","128","2","distinct","independent","0.03409090909090909","","none","0","2","0.05","1","exposedCells / area * sqrt(exposedCells / max(1, totalCells))","914","90589","1219765.6128290175","2561","56450","22.0421710269426","211","0.12910875144966955","mutant","4cebf3a3c29ca775440d0f656cfbc446108f6f8d9b33292efdf37afc17add950"
"Light study 17 · wider world, thin lineage","9db8e9fd-322e-4af0-b10d-6c667e916e8c","65","256","cross","mutants","sparse","9090317","128","2","distinct","independent","0.03409090909090909","","none","0","2","0.05","1","exposedCells / area * sqrt(exposedCells / max(1, totalCells))","674","66766","917553.1679209983","1881","26838","14.267942583732058","216","0.11786406239803182","mutant","74f0e5888fac99d3ae510438a8ede30207f1ba00f287fdb9bd389f6d2daf6108"
"Light study 18 · stronger cost, thin record","9458a407-fde1-4bda-9a92-dfe6757e8192","65","256","cross","mutants","sparse","9090418","128","2","distinct","independent","0.03409090909090909","","none","0","2","0.05","1","exposedCells / area * exposedCells / max(1, totalCells)","1018","100467","1468551.3635990089","1193","8826","7.398155909471919","77","0.0381671956309827","founder","96ffbbd8f44e9880b9caa270cc18e977f3217025d5d9355094f2bf6ba92698b4"
"Light study 19 · stronger cost, wide record","4b611f72-fed7-48de-a1a7-454e63055ecd","65","256","cross","mutants","sparse","9090419","128","2","distinct","independent","0.03409090909090909","","none","0","2","0.05","1","exposedCells / area * exposedCells / max(1, totalCells)","1016","100528","1517665.9511540057","2401","30622","12.753852561432737","202","0.04455783230450011","mutant","9c95895a736308692966c955a002204d86d4515d50c8a840d67e9b6e8944cfcb"
"Light study 20 · intermediate cost A","cf7f3036-5a09-4145-bf32-23689dde85f3","65","256","cross","mutants","sparse","9090419","128","2","distinct","independent","0.03409090909090909","","none","0","2","0.05","1","exposedCells / area * sqrt(exposedCells / max(1, totalCells)) * sqrt(sqrt(exposedCells / max(1, totalCells)))","1015","100439","1433527.3657090096","2157","30034","13.923968474733426","158","0.0708273769605373","mutant","233aded6169d6e1832973053de0b9869141573b48c49f6f57a9014e831a696ba"
"Light study 21 · intermediate cost B","7329853b-0b1f-4905-bcdb-d2212fd8b914","65","256","cross","mutants","sparse","9090420","128","2","distinct","independent","0.03409090909090909","","none","0","2","0.05","1","exposedCells / area * sqrt(exposedCells / max(1, totalCells)) * sqrt(sqrt(exposedCells / max(1, totalCells)))","1010","100091","1444453.8888189914","2157","30034","13.923968474733426","158","0.0708273769605373","mutant","a20f9781fbad07e728a12f11821d0b73cc8ba492c4db16b6cf9fbcd9df822348"
"Light study 22 · strict cost repeat B","e78a226e-90d7-42c3-b7d1-e534497d52c3","65","256","cross","mutants","sparse","9090421","128","2","distinct","independent","0.03409090909090909","","none","0","2","0.05","1","exposedCells / area * exposedCells / max(1, totalCells)","513","50652","703322.4342640117","1193","8826","7.398155909471919","77","0.0381671956309827","mutant","3df3a3210467b3091e5801a113239589362b3d7a99b27162228ccf0aa991a0d4"
"Light study 23 · strict cost repeat C","ada641df-f948-4ebe-97cd-73564991ba4f","65","256","cross","mutants","sparse","9090422","128","2","distinct","independent","0.03409090909090909","","none","0","2","0.05","1","exposedCells / area * exposedCells / max(1, totalCells)","509","50520","733241.929867994","1193","8826","7.398155909471919","77","0.0381671956309827","mutant","3df3a3210467b3091e5801a113239589362b3d7a99b27162228ccf0aa991a0d4"
"Light study 24 · corrected search preset","d88f4fc2-1655-49fb-b4aa-1f62cc6fd3f2","49","128","cross","mutants","sparse","9090102","64","2","distinct","heavyTailed","0.034","1.5","uniform","0.7","2","0.05","1","exposedCells / area * sqrt(exposedCells / max(1, totalCells))","333","20672","136318.32654399797","929","14114","15.192680301399355","121","0.09926733310752835","founder","75a4352f1e6cc70b99e7cfa98c6dff653820b1708068962c982460a40b803ebe"
